RT @AnarcoFino: O povo aikewara pede socorro. J√° s√£o diversos casos de covid-19 confirmados, dois internados em estado grave e um √≥bito. A‚Ä¶RT @vozdacomunidade: Tiros neste momento no Complexo do Alem√£o, na localidade conhecida como ‚ÄòGrota‚Äô. Segundo informa√ß√µes, policiais realiz‚Ä¶RT @CorrupcaoMemes: Voc√™s sabiam que o covid-19 s√≥ √© transmitido se a manifesta√ß√£o for de direita?RT @jairbolsonaro: O @govbr , via @ItamaratyGovBr , @mdregional_br e outros se alinham com as grandes pot√™ncias do mundo para passos p√≥s e‚Ä¶RT @BlogdoKlyngerr: #Coronav√≠rus | Os moradores do bairro Bras√≠lia Teimosa, em Natal, se uniram na manh√£ deste domingo (7) e realizaram uma‚Ä¶RT @jairbolsonaro: 1- O @govbr estrutura laborat√≥rios p√∫blicos ampliando a testagem e diagn√≥stico do covid-19 no üáßüá∑ . Assista ao v√≠deo e ob‚Ä¶RT @LorenzonItalo: Aqueles que acreditam que o coronav√≠rus √© uma crise sanit√°ria (e n√£o um caso de histeria coletiva), poderiam me explicar‚Ä¶RT @jairbolsonaro: O @govbr , via @ItamaratyGovBr , @mdregional_br e outros se alinham com as grandes pot√™ncias do mundo para passos p√≥s e‚Ä¶RT @revistaoeste: Na condi√ß√£o de ministro da Sa√∫de, ele ignorou um parecer de entidade m√©dica a favor do uso da cloroquina e da hidroxiclor‚Ä¶RT @xicosa: √ë h√° uma linha na imprensa e nem 5 minutos na tv sobre o matador Paulo Guedes. O cara q est√° assinando c/ Bolsonaro as mortes d‚Ä¶Foram feitos testes de Covid-19 na League One,nenhum jogador do Pompey deu positivo.

#Pompey https://t.co/ReYwPC3W0kRT @jeanstruck: O @CarlosWMartins trancou sua conta no Twitter depois de falar ao Globo que o @minsaude pretende fazer uma devassa no n√∫mer‚Ä¶RT @_lcaldas: Pessoal da direita fala tanto que a URSS, China e Cor√©ia do Norte omitia informa√ß√µes. E o Bolsonaro agora com os casos de cov‚Ä¶RT @esteves_paulo: Est√£o ocultando os dados pois o que est√° acontecendo aqui n√£o √© uma cat√°strofe  humanit√°ria √© um crime contra a humanida‚Ä¶Covid-19: Angola regista tr√™s novos casos e sobe para 91 total de infetados - https://t.co/iNWhHtMLy3 https://t.co/AcE0JnaxIDBrasil  tem uma popula√ß√£o idosa menor que a dos pa√≠ses europeus, mas tem aspectos socioecon√¥micos de maior vulnerab‚Ä¶ https://t.co/pcV2bBc7vTO coronav√≠rus, a Amaz√¥nia e o setor de impacto
.

Na regi√£o amaz√¥nica, o Covid-19 representa um desafio para popula‚Ä¶ https://t.co/1d4SXguTyLRT @g1mundo: Brasil se une √† Coreia do Norte e √† Venezuela ao omitir dados da Covid-19 https://t.co/QkYE5lAZ8oRT @yorancomenta: √â OFICIAL: Manu Gavassi entra pra lista dos pouco mais de 350 mil brasileiros e empresas que doaram dinheiro para ajudar‚Ä¶@GeorgMarques Manifestantes  , parab√©ns ! Somos 70% ! Pena que estou no grupo de muito risco do COVID-19 , caso con‚Ä¶ https://t.co/83JBPfVjKtRT @brenolaerte: Acabei de ter uma conversa muito importante com a minha m√£e sobre a minha ida ao ato. "Filho, somos pobres, n√£o temos plan‚Ä¶RT @canalpeixebabel: Minist√©rio da Sa√∫de √†s 22h
üîµ672.846 casos
üî¥35.930 √≥bitos

Secretarias de Sa√∫de √†s 23h59
üîµ676.564 casos
üî¥36.044 √≥bitos‚Ä¶RT @Marcelodedois: Mais de 36 mil mortos no Brasil e pra combater o covid-19 o presidente resolve esconder n√∫meros... isso mesmo 2020 e ele‚Ä¶RT @marcofeliciano: Grande not√≠cia! Deu no @conexaopolitica: ‚ÄúBrasil pode ter prioridade no uso da vacina testada na Universidade de Oxford‚Ä¶RT @oatila: A previs√£o do IHME, instituto de m√©trica da Universidade de Washington que oriente a Casa Branca, √© que esse ponto chegue at√© a‚Ä¶RT @CorrupcaoMemes: Voc√™s sabiam que o covid-19 s√≥ √© transmitido se a manifesta√ß√£o for de direita?RT @rodoinside: N√£o importa a sua cren√ßa, n√£o importa a sua f√©, n√£o importa a sua religi√£o.

Se o seu l√≠der espiritual mant√©m as portas da‚Ä¶RT @miquadrelli: Voc√™s pedem e n√≥s atendemos.. e vamos de entretenimento nessa quarentena rs com quem do baguncinha organizada voc√™s se ide‚Ä¶@Estadao Depois ele critica a China, quando quer fazer a mesma coisa aqui, manipulando e escondendo os dados sobre‚Ä¶ https://t.co/UjBfGFQHHcRT @radiobandnewsfm: Pesquisadores da USP esperam a valida√ß√£o da Anvisa para come√ßarem as avali√ß√µes cl√≠nicas e em laborat√≥rio de um teste r‚Ä¶RT @omusojoao: mais uma tarde de domingo 

pensando nela....

na vacina do covid-19RT @RubensNunesMBL: Bolsonaro e o Covid-19.:

1 morte - Fantasia 
100 mortes - Gripezinha 
1000 mortes - Histeria 
10000 mortes - N√£o sou o‚Ä¶RT @dw_brasil: C√¢mara do MPF d√° 72 horas para que o ministro interino da Sa√∫de, Eduardo Pazuello, esclare√ßa mudan√ßas na divulga√ß√£o dos dado‚Ä¶RT @jandira_feghali: S√ì NO BRASIL!!! GOVERNO DECIDE MASCARAR DADOS TOTAIS DE MORTES POR COVID-19! Onde vamos parar com a realidade da pande‚Ä¶RT @Marcelodedois: Mais de 36 mil mortos no Brasil e pra combater o covid-19 o presidente resolve esconder n√∫meros... isso mesmo 2020 e ele‚Ä¶RT @AiltonBenedito: Rond√¥nia. Governo bate meta com realiza√ß√£o de mais de mil testes r√°pidos da #Covid19 atrav√©s de drive-thru e distribui‚Ä¶RT @MendesOnca: Ap√≥s governo omitir mortes, deputados querem divulgar dados da covid-19 | Congresso em Foco https://t.co/AQ3XM9nmjpRT @slpng_giants_pt: Oi @NBABrasil e @sigaNetshoes, tudo bem? Saudades de ver a laranjinha subir, mas entendemos os riscos da atual pandemi‚Ä¶RT @Marcelodedois: Mais de 36 mil mortos no Brasil e pra combater o covid-19 o presidente resolve esconder n√∫meros... isso mesmo 2020 e ele‚Ä¶Achei engra√ßada a explica√ß√£o do governo pra n√£o divulgar o total de mortos pela covid-19, dizendo que os n√∫meros di‚Ä¶ https://t.co/jm9pDrft8PRT @eugostodeflac: [COMO ACESSAR OS DADOS DE COVID-19]
O portal com os dados e arquivos csv sobre o corona est√£o dispon√≠veis , mesmo que de‚Ä¶RT @_Adedeia: Encolhida sobre uma maca, Luzia, 65, geme de dor. O ar que ela ca√ßa para respirar provoca a sensa√ß√£o de que seu pulm√£o estari‚Ä¶RT @anistiabrasil: ‚ö†Ô∏èOs agentes de seguran√ßa encarregados de manuten√ß√£o da ordem p√∫blica durante manifesta√ß√µes devem estar identificados, p‚Ä¶RT @SergoPamboukian: VSF UOL
Modelo projeta 5.000 mortes di√°rias por Covid-19 no Brasil em agosto https://t.co/XJeSl6hUa4GLOBO
Papa Francisco faz men√ß√£o indireta ao Brasil ao falar sobre mortes por Covid-19: 'Terr√≠vel'
Pont√≠fice citou q‚Ä¶ https://t.co/DCUmAx0qBiRT @florestanjr: Em 1971, em plena ditadura, os militares ocultaram da popula√ß√£o a epidemia de meningite. A omiss√£o levou ao avan√ßo da doen‚Ä¶RT @UOLNoticias: Boulos homenageia S√≥crates e mortos da covid-19 em ato com torcedores https://t.co/SwJQmA46Y5RT @AnarcoFino: O povo aikewara pede socorro. J√° s√£o diversos casos de covid-19 confirmados, dois internados em estado grave e um √≥bito. A‚Ä¶RT @paulomathias: Estamos em junho de 2020 e eu vi alguns parlamentares j√° querendo jogar a reforma tribut√°ria para 2021. Por que n√£o fazer‚Ä¶RT @jairbolsonaro: 1- O @minsaude adequou a divulga√ß√£o dos dados sobre casos e mortes relacionados ao Covid-19.

Ao longo do enfrentamento‚Ä¶RT @oatila: A previs√£o do IHME, instituto de m√©trica da Universidade de Washington que oriente a Casa Branca, √© que esse ponto chegue at√© a‚Ä¶RT @ElielB: O governo da verdade n√£o gosta de transpar√™ncia sobre os dados de seu governo: cart√£o corporativo, desmatamento, covid-19, geno‚Ä¶RT @LorenzonItalo: Aqueles que acreditam que o coronav√≠rus √© uma crise sanit√°ria (e n√£o um caso de histeria coletiva), poderiam me explicar‚Ä¶RT @jairbolsonaro: 1- O @minsaude adequou a divulga√ß√£o dos dados sobre casos e mortes relacionados ao Covid-19.

Ao longo do enfrentamento‚Ä¶RT @oatila: A previs√£o do IHME, instituto de m√©trica da Universidade de Washington que oriente a Casa Branca, √© que esse ponto chegue at√© a‚Ä¶O presidente do pa√≠s quer esconder o n√∫mero de casos e mortos por covid-19. E daqui a pouco vai estar escondendo o‚Ä¶ https://t.co/duHEBuAJtURT @jairbolsonaro: 1- O @govbr estrutura laborat√≥rios p√∫blicos ampliando a testagem e diagn√≥stico do covid-19 no üáßüá∑ . Assista ao v√≠deo e ob‚Ä¶Prefeitura discute acolhimento da popula√ß√£o em situa√ß√£o de rua com diagn√≥stico de Covid-19 -‚Ä¶ https://t.co/ie20N5RBhwRT @BelemCitty: Covid-19 na promo√ß√£o no Shopping P√°tio Bel√©m..... https://t.co/6CCZjQZ0Z8Covid-19: Seap disp√µe de testes r√°pidos e de equipes pr√≥prias de sa√∫de para testagem nas 72¬†unidades https://t.co/AaMTRoaQpCCovid-19: Seap disp√µe de testes r√°pidos e de equipes pr√≥prias de sa√∫de para testagem nas 72¬†unidades https://t.co/xm15Ez4RWnRT @HeNcKsV: Dps v√£o culpar os prefeitos das cidades, o governo em si, e dps que morre familiar, v√£o postar textinho na rede social lamenta‚Ä¶@oatila @drauziovarella  √â real a pesquisa da Universidade alem√£ Kihel sobre a pesquisa de 1600 a2250 pacientes de‚Ä¶ https://t.co/ceadQfQPXoRT @revistaoeste: Na condi√ß√£o de ministro da Sa√∫de, ele ignorou um parecer de entidade m√©dica a favor do uso da cloroquina e da hidroxiclor‚Ä¶Com crocodilos e Covid 19, as vindimas deste ano v√£o ser tramadasRT @UOLNoticias: Boulos homenageia S√≥crates e mortos da covid-19 em ato com torcedores https://t.co/SwJQmA46Y5RT @revistaoeste: Na condi√ß√£o de ministro da Sa√∫de, ele ignorou um parecer de entidade m√©dica a favor do uso da cloroquina e da hidroxiclor‚Ä¶RT @AnarcoFino: O povo aikewara pede socorro. J√° s√£o diversos casos de covid-19 confirmados, dois internados em estado grave e um √≥bito. A‚Ä¶RT @gaybol: Se vc ainda √© f√£ ou passa pano pra PRESIDENTE depois dele ter restringido a divulga√ß√£o do n√∫mero de mortes por COVID-19, saiba‚Ä¶RT @CoronavirusBra1: A decis√£o do governo brasileiro de passar a omitir o balan√ßo total de √≥bitos da Covid-19 a partir deste s√°bado (6) col‚Ä¶RT @SomosSergioMoro: #BolsonaroTransparenciaZero aonde est√£o os dados dos mortos pelo Covid-19? https://t.co/IZ1YrsLaYQOpini√£o - Drauzio Varella: A Covid-19 avan√ßa sem levar em conta a justi√ßa de reivindica√ß√µes sociais https://t.co/7EftXI8LT1RT @jairbolsonaro: O @govbr , via @ItamaratyGovBr , @mdregional_br e outros se alinham com as grandes pot√™ncias do mundo para passos p√≥s e‚Ä¶RT @jairbolsonaro: O @govbr , via @ItamaratyGovBr , @mdregional_br e outros se alinham com as grandes pot√™ncias do mundo para passos p√≥s e‚Ä¶RT @oforasteiro4i20: Sinto falta da minha ex...     ex-vida que eu tinha antes da covid-19Eu acho que a COVID-19 seguir√° fora de controle no Brasil, como a Dengue nos √∫ltimos anos. Tomara que um tratamento‚Ä¶ https://t.co/oDJzUeXDeB@nanibarbosalima Pois √© cara, mas isso √© rea√ß√£o dos atos do Wilson witzel, O STF proibiu qualquer rela√ß√£o do Bolsonaro na COVID-19RT @AnarcoFino: O povo aikewara pede socorro. J√° s√£o diversos casos de covid-19 confirmados, dois internados em estado grave e um √≥bito. A‚Ä¶RT @CoronavirusBra1: A decis√£o do governo brasileiro de passar a omitir o balan√ßo total de √≥bitos da Covid-19 a partir deste s√°bado (6) col‚Ä¶RT @revistaoeste: Na condi√ß√£o de ministro da Sa√∫de, ele ignorou um parecer de entidade m√©dica a favor do uso da cloroquina e da hidroxiclor‚Ä¶RT @jairbolsonaro: 1- O @govbr estrutura laborat√≥rios p√∫blicos ampliando a testagem e diagn√≥stico do covid-19 no üáßüá∑ . Assista ao v√≠deo e ob‚Ä¶RT @canalpeixebabel: Minist√©rio da Sa√∫de √†s 22h
üîµ672.846 casos
üî¥35.930 √≥bitos

Secretarias de Sa√∫de √†s 23h59
üîµ676.564 casos
üî¥36.044 √≥bitos‚Ä¶RT @jardim_suzane: Covid 19, omiss√£o de dados e Ditadura Militar

- Poucos sabem, mas estagiei no Museu de Sa√∫de P√∫blica Em√≠lio Ribas, inst‚Ä¶RT @CorrupcaoMemes: Voc√™s sabiam que o covid-19 s√≥ √© transmitido se a manifesta√ß√£o for de direita?RT @CorrupcaoMemes: Voc√™s sabiam que o covid-19 s√≥ √© transmitido se a manifesta√ß√£o for de direita?RT @Marcelodedois: Mais de 36 mil mortos no Brasil e pra combater o covid-19 o presidente resolve esconder n√∫meros... isso mesmo 2020 e ele‚Ä¶S√≥ queria acorda e n ter mais Covid-19 nem Bolsonaro no BrasilBarra Mansa tem mais de 70% dos leitos e 100% dos respiradores dispon√≠veis para tratamento da Covid-19 https://t.co/qngemcjcS8RT @Marcelodedois: Mais de 36 mil mortos no Brasil e pra combater o covid-19 o presidente resolve esconder n√∫meros... isso mesmo 2020 e ele‚Ä¶RT @LeandroPauloBe1: Eu queria saber o porqu√™ de darem espa√ßo ao Boulos na m√≠dia ??? 

Politicamente ele est√° no mesmo naipe de EY EY EYmae‚Ä¶RT @LorenzonItalo: Aqueles que acreditam que o coronav√≠rus √© uma crise sanit√°ria (e n√£o um caso de histeria coletiva), poderiam me explicar‚Ä¶Itaja√≠ registra 61 novos casos de Covid-19 https://t.co/Mbty9WEZBbRT @oatila: A previs√£o do IHME, instituto de m√©trica da Universidade de Washington que oriente a Casa Branca, √© que esse ponto chegue at√© a‚Ä¶RT @oatila: Se quiser os dados de COVID-19 com an√°lise, tem tamb√©m o trabalho fant√°stico que a Camila e @avivimota t√£o fazendo :) 
 
https:‚Ä¶RT @oforasteiro4i20: Sinto falta da minha ex...     ex-vida que eu tinha antes da covid-19RT @AnarcoFino: O povo aikewara pede socorro. J√° s√£o diversos casos de covid-19 confirmados, dois internados em estado grave e um √≥bito. A‚Ä¶RT @YourAnonBrasiil: Em 1971, em plena ditadura, os militares ocultaram da popula√ß√£o a epidemia de meningite. A omiss√£o levou ao avan√ßo da‚Ä¶RT @brenolaerte: Acabei de ter uma conversa muito importante com a minha m√£e sobre a minha ida ao ato. "Filho, somos pobres, n√£o temos plan‚Ä¶RT @oatila: A previs√£o do IHME, instituto de m√©trica da Universidade de Washington que oriente a Casa Branca, √© que esse ponto chegue at√© a‚Ä¶RT @LorenzonItalo: Aqueles que acreditam que o coronav√≠rus √© uma crise sanit√°ria (e n√£o um caso de histeria coletiva), poderiam me explicar‚Ä¶